8.4141e+07,1.7039e+06,4.6543e+07,1.922e+05,5.2658e+06,7.9633e+07,1.4464e+06,1.737e+06,5.186e+07,1.5142e+06,2.269e+07,0,0,2.9957e+06,2.0952e+07,9.5467e+05,1.4265e+06,0,4.1276e+06,1.3693e+07,3.2574e+06,1.1888e+06,2.3914e+07,3.1893e+05,1.5089e+07,4.9592e+06,1.6173e+06,1.8683e+06,2.3268e+07,4.5146e+07,3.9444e+06,0,9.4582e+06,6.6661e+06,0,3.386e+06,5.2217e+06,1.0731e+07,0,1.5842e+07,2.1698e+06,4.1513e+07,3.9749e+07,9.7655e+06,4.7205e+07
6.6026e+08,5.9282e+05,1.5231e+06,1.3254e+08,7.5042e+07,7.914e+08,1.455e+08,2.3916e+07,7.6353e+06,5.2285e+08,4.4662e+08,1.7954e+08,2.2863e+07,7.3926e+08,1.4093e+07,5.3731e+06,4.8487e+06,7.7878e+06,2.5122e+08,5.5674e+06,2.5329e+05,4.3723e+06,3.7314e+06,1.4502e+07,2.9544e+06,3.1498e+05,1.0961e+06,3.7233e+07,1.1381e+07,1.6446e+06,1.0959e+08,4.8779e+06,4.3115e+06,2.0689e+05,6.1718e+06,4.2453e+06,7.9953e+05,6.222e+06,1.5509e+07,1.6455e+05,8.0103e+07,3.1857e+07,3.1264e+06,1.2499e+06,6.9851e+06
7.7343e+07,4.6829e+05,4.1264e+06,9.6116e+06,4.0195e+05,1.0039e+08,2.616e+05,0,1.7069e+07,8.7894e+06,2.6993e+07,6.1963e+06,6.2443e+05,1.5546e+07,6.2394e+06,5.4407e+05,4.798e+05,0,7.3093e+06,1.1006e+07,6.6174e+05,3.2978e+06,9.2803e+06,1.1388e+06,4.4857e+06,2.1551e+06,1.1061e+06,1.7587e+06,2.3149e+07,1.0901e+07,1.8824e+07,0,8.2798e+06,2.4815e+06,5.4283e+05,3.133e+06,2.3195e+06,1.1572e+07,0,5.334e+06,4.8929e+05,1.7623e+07,2.4549e+07,9.2824e+06,2.8611e+07
1.4732e+08,1.3783e+06,1.933e+06,1.3707e+07,9.6004e+06,8.8284e+07,2.6652e+06,3.6171e+06,1.6309e+07,1.7098e+07,5.9127e+07,1.2711e+07,4.7635e+05,2.5034e+07,3.6502e+06,4.5433e+05,2.3541e+06,0,6.9593e+06,6.5626e+06,1.0143e+06,2.9068e+05,6.3718e+06,4.0548e+06,1.5867e+06,1.4248e+06,1.9634e+05,8.0178e+06,2.3247e+07,3.8567e+06,8.1935e+06,0,3.2548e+06,1.4895e+06,3.7027e+05,1.4204e+06,1.645e+06,7.5558e+06,0,4.778e+06,1.8976e+06,1.3198e+07,1.4503e+07,7.4804e+06,1.812e+07
1.3297e+08,4.5095e+06,2.2599e+07,1.1958e+07,3.3938e+06,2.1288e+08,2.3517e+06,1.9582e+06,4.7699e+07,8.0521e+06,5.9886e+07,2.0782e+06,1.0551e+06,1.664e+07,8.7327e+07,1.9036e+06,2.0865e+06,0,5.7338e+06,1.2407e+07,4.4143e+06,3.9641e+05,1.3535e+07,2.4257e+06,1.9283e+07,9.4021e+06,6.0301e+05,1.2749e+07,6.096e+07,1.047e+07,1.6892e+07,0,5.5264e+06,1.0186e+07,3.5261e+06,2.1918e+06,1.0678e+07,6.7151e+06,0,3.7551e+07,5.4618e+07,5.4519e+07,5.4748e+07,2.1961e+07,3.9395e+07
2.7764e+08,4.0855e+05,8.6373e+05,3.043e+07,2.6408e+07,4.8907e+08,1.8344e+07,1.3281e+07,8.8089e+06,4.4271e+07,1.0196e+08,3.8274e+07,6.2105e+06,8.097e+07,7.0919e+06,1.1522e+06,6.8659e+06,1.3156e+06,1.6881e+07,4.0433e+06,3.516e+05,1.068e+06,3.0073e+06,2.6254e+06,8.028e+05,9.5001e+05,4.4099e+05,2.1958e+07,1.57e+07,2.6748e+06,3.5575e+07,0,6.0653e+06,6.0541e+05,4.2344e+06,2.0777e+06,9.3327e+05,5.5132e+06,6.7339e+05,5.2875e+06,6.6148e+06,1.9009e+07,1.1304e+07,4.5385e+06,9.1741e+06
4.8629e+07,6.5819e+06,1.7697e+07,78415,2.0112e+06,8.1282e+07,2.1065e+06,0,2.6881e+07,3.4019e+05,1.156e+07,0,1.6228e+05,6.3513e+05,1.3373e+07,0,1.5154e+06,0,9.7224e+05,1.0976e+07,2.9492e+06,1.583e+05,1.3675e+07,5.1515e+05,5.2901e+06,4.9585e+05,7.5688e+05,9.2505e+05,1.377e+07,3.0229e+07,8.6072e+05,0,7.4339e+06,3.1781e+05,0,3.3589e+06,2.5635e+06,3.2886e+06,0,1.2489e+06,2.3478e+07,2.9709e+07,3.3451e+07,4.9162e+06,2.1222e+07
6.185e+08,2.0193e+05,0,6.3952e+07,6.177e+07,9.0353e+08,5.3918e+07,1.9421e+07,5.2412e+05,1.1583e+08,2.3344e+08,9.7752e+06,2.4185e+07,2.4643e+08,4.4724e+06,3.4718e+06,4.7103e+06,3.4503e+06,5.1483e+07,2.6345e+06,2.2962e+05,1.3933e+06,2.7416e+06,7.8235e+06,4.0565e+05,8.4742e+05,1.3292e+06,2.1003e+07,5.8598e+06,1.5146e+06,7.3994e+07,0,4.1751e+06,81314,3.5352e+06,4.8358e+06,3.9858e+05,5.0252e+06,5.4469e+06,0,3.4687e+07,1.4398e+07,4.8256e+06,4.2033e+05,2.8893e+06
1.0426e+09,3.8397e+05,8.2952e+05,1.8775e+08,9.9927e+07,1.1292e+09,1.9151e+08,2.7032e+07,1.0124e+07,4.3071e+08,6.1286e+08,1.5169e+08,1.3947e+07,5.215e+08,1.8847e+06,1.1514e+07,1.3661e+07,4.9091e+06,1.1863e+08,4.8029e+06,1.3401e+06,4.5119e+06,5.4636e+06,2.6291e+07,3.9878e+05,3.9997e+05,3.1476e+06,2.7731e+07,1.554e+07,4.8372e+06,8.1874e+07,5.6536e+06,3.1799e+06,3.4253e+05,6.7034e+06,7.9626e+06,0,6.5412e+06,8.092e+06,0,7.3254e+07,3.5183e+07,1.2341e+07,4.3898e+06,6.8094e+06
2.1359e+08,1.4004e+06,2.6576e+06,2.8352e+07,1.2863e+07,2.9636e+08,2.5946e+06,3.0133e+05,1.6665e+07,4.4232e+07,6.7974e+07,6.8295e+05,2.1448e+06,7.7256e+07,5.0062e+06,63366,3.9022e+06,0,2.0228e+07,9.327e+06,1.0563e+06,0,7.5054e+06,1.6021e+06,2.8253e+06,1.1367e+06,9.9962e+05,4.6395e+06,1.6466e+07,6.7726e+06,1.2364e+07,6.9838e+05,7.4629e+06,1.1659e+06,1.6168e+06,5.3297e+05,8.3326e+05,6.4617e+06,7.6768e+05,0,1.9112e+06,2.9219e+07,1.6659e+07,2.3858e+06,1.6269e+07
2.048e+09,2.7624e+05,6.5904e+05,2.3917e+08,1.9617e+08,1.5592e+09,4.222e+08,6.4206e+07,4.4119e+06,6.3509e+08,7.578e+08,3.248e+08,4.3152e+07,8.4272e+08,1.0047e+07,1.0003e+07,1.5733e+07,1.5983e+07,2.1536e+08,5.0768e+06,2.6421e+05,5.2741e+06,4.1979e+06,2.3574e+07,0,1.66e+05,1.2051e+07,1.1281e+08,9.3331e+06,1.8587e+06,1.7032e+08,2.1707e+07,3.0089e+06,1.2262e+06,2.5278e+07,2.5376e+07,0,4.8699e+06,7.0739e+07,2.406e+06,1.3096e+08,1.9684e+07,2.8892e+06,1.4149e+06,3.5563e+06
2.094e+08,6.3338e+05,6.3709e+05,3.6443e+07,1.2969e+07,3.1295e+08,4.743e+06,2.1943e+06,9.1549e+06,8.3676e+07,4.5458e+07,8.723e+06,2.0104e+05,1.2228e+08,4.0052e+06,2.3364e+06,2.6098e+06,1.4909e+06,2.0066e+07,7.0072e+06,3.5495e+05,8.8841e+05,5.9824e+06,2.2079e+06,3.8445e+05,6.5943e+05,1.1236e+06,1.4121e+07,1.6792e+07,2.3044e+06,2.4571e+07,0,4.6095e+06,4.7912e+05,6.7573e+05,2.6061e+06,3.7921e+05,7.7127e+06,0,2.7243e+06,1.5523e+07,5.4305e+06,6.9185e+06,2.6015e+06,7.0811e+06
7.8323e+08,4.3337e+05,1.3481e+06,1.9706e+07,1.5489e+07,4.2468e+08,2.8895e+07,2.3766e+07,8.2438e+06,3.9169e+07,2.2069e+08,5.0766e+07,1.3421e+07,6.045e+07,3.7285e+06,2.9321e+06,6.6422e+06,6.1097e+05,1.6622e+07,3.9663e+06,5.8626e+05,9.0974e+05,4.3854e+06,6.5775e+05,1.6851e+06,0,3.4469e+06,1.3488e+07,1.2581e+07,2.4551e+06,4.3621e+07,8.7698e+06,4.7978e+06,4.8816e+05,2.3386e+06,7.7036e+06,2.8518e+05,5.5052e+06,9.2366e+05,7.2342e+05,2.4314e+07,1.346e+07,6.5458e+06,4.8197e+05,8.0423e+06
9.5941e+08,3.2207e+05,3.4856e+05,1.2545e+08,9.1364e+07,8.7041e+08,1.1064e+08,2.6864e+07,3.0851e+06,3.9035e+08,2.676e+08,1.7446e+08,1.6981e+07,4.8607e+08,4.0013e+06,3.3376e+06,8.1999e+06,4.4693e+06,1.4188e+08,3.6341e+06,69912,4.3425e+06,4.1378e+06,2.4447e+07,2.0578e+05,1.9575e+05,3.8442e+06,5.0368e+07,3.5188e+06,3.0666e+05,1.4195e+08,3.4837e+06,5.6439e+06,28469,5.1471e+06,6.3459e+06,4.7978e+05,6.5986e+06,7.2064e+06,0,3.8328e+07,9.1486e+06,1.187e+06,3.6498e+05,5.311e+06
5.1537e+07,7.4843e+05,1.9817e+06,2.7487e+06,2.496e+06,7.1227e+07,1.969e+05,0,1.326e+07,9.5445e+06,1.0007e+07,8.5106e+05,68332,1.079e+07,2.7215e+06,2.8518e+05,3.5546e+05,0,4.3167e+06,8.404e+06,4.5564e+05,1.7837e+06,7.9592e+06,1.0444e+06,6.585e+05,1.2837e+06,7.6987e+05,1.9317e+06,2.1697e+07,2.8551e+06,4.1367e+06,0,5.8255e+06,1.0921e+06,2.4205e+05,8.5853e+05,1.4026e+06,6.7263e+06,0,2.4466e+06,4.1788e+05,7.3289e+06,1.2939e+07,7.2629e+06,1.7087e+07
2.2011e+08,5.214e+06,4.7893e+07,66865,0,1.3067e+08,4.7331e+05,0,9.5919e+07,4802.5,8.9609e+07,1.0826e+06,1.8541e+05,2.1008e+06,1.2882e+08,1.4181e+06,1.5123e+06,0,2.4971e+06,1.6238e+07,6.6582e+06,43960,1.984e+07,2.8078e+05,1.66e+07,1.9758e+07,2.3303e+06,3.1333e+06,3.7378e+07,2.1855e+07,1.0095e+07,0,1.0471e+07,1.9178e+07,0,1.6903e+06,1.9054e+07,9.387e+06,0,8.709e+07,3.6765e+06,2.9032e+07,3.3359e+07,1.8054e+07,8.4314e+07
1.3908e+09,1.3159e+05,2.6482e+05,1.0743e+08,9.6417e+07,9.1613e+08,1.6778e+08,3.7651e+07,3.4734e+06,3.3054e+08,4.9374e+08,7.8076e+07,3.5322e+07,5.1322e+08,3.6765e+06,7.9248e+06,6.9391e+06,7.0237e+06,1.6248e+08,3.1201e+06,2.3578e+05,2.1643e+06,1.6905e+06,1.949e+07,1.7032e+06,89767,9.2156e+06,3.8241e+07,9.2216e+06,8.8863e+05,1.0112e+08,1.9017e+06,3.8056e+06,1.406e+05,1.0205e+07,1.6713e+07,1.1401e+05,2.5308e+06,1.7306e+07,0,8.3685e+07,1.065e+07,3.1384e+06,8.4765e+05,3.3218e+06
1.0876e+08,3.1661e+06,4.7013e+06,1.6833e+06,9.6986e+06,6.9749e+07,3.5045e+05,0,3.425e+07,3.5353e+06,2.8552e+07,1.6109e+05,5.619e+05,1.0448e+07,2.1358e+07,1.699e+05,2.9995e+06,4.0789e+05,1.8938e+06,8.1207e+06,2.1756e+06,1.1132e+06,1.0063e+07,2.4208e+05,1.1448e+07,3.7637e+06,8.3583e+05,2.4087e+06,4.733e+07,3.415e+07,3.1309e+06,0,8.4266e+06,1.5473e+06,1.4632e+05,2.2054e+06,4.6651e+06,4.9834e+06,0,9.1919e+06,1.4371e+06,4.3466e+07,5.2915e+07,2.3176e+07,2.574e+07
3.0528e+08,7.098e+05,4.7879e+05,1.0766e+08,1.9674e+07,6.9384e+08,1.1957e+07,2.8826e+06,3.8912e+06,1.7964e+08,4.9162e+07,2.2134e+07,2.2071e+06,2.172e+08,1.0499e+07,7.8869e+05,6.4987e+06,1.9229e+06,6.8265e+07,3.6284e+06,96813,4.5767e+05,3.1108e+06,7.9009e+06,1.1981e+06,3.58e+05,2.3397e+05,3.9517e+07,1.0108e+07,4.5609e+05,1.6022e+08,4.9073e+06,4.2535e+06,2.1646e+05,6.7516e+06,1.6617e+06,9.8233e+05,9.0843e+06,1.0785e+06,1.5423e+06,5.3374e+06,8.1522e+06,1.7912e+06,9.9256e+05,8.6407e+06
2.1897e+07,6.9489e+06,3.0324e+07,3.3014e+05,1.3426e+06,1.533e+07,1.3313e+06,0,5.0786e+07,7.858e+05,2.3642e+07,0,2.7137e+05,7.597e+06,2.9041e+07,1.081e+06,1.214e+06,0,1.73e+06,1.727e+07,3.7174e+06,3.8812e+05,3.9798e+07,1.8301e+05,3.7866e+07,6.5707e+06,1.09e+06,2.2506e+05,3.8418e+07,6.2849e+07,5.6338e+05,0,8.4707e+06,8.9198e+06,0,4.8637e+06,6.1022e+06,1.1302e+07,0,1.5216e+07,1.2055e+06,9.1011e+07,8.6046e+07,3.8297e+07,4.4118e+07
1.6651e+09,1.6019e+05,6.3283e+05,1.0849e+08,1.2394e+08,1.0172e+09,9.7982e+07,3.2595e+07,3.4723e+06,3.1885e+08,3.9261e+08,7.3269e+07,3.5516e+07,4.987e+08,3.1156e+06,5.1327e+06,4.7096e+06,3.5933e+06,1.2697e+08,5.8926e+05,1.7319e+05,1.8009e+06,1.9139e+06,7.367e+06,1.7203e+05,1.9608e+05,4.6694e+06,2.378e+07,9.0497e+06,2.6808e+06,3.4548e+07,1.2817e+06,2.9312e+06,3.2729e+05,6.1696e+06,6.1658e+06,1.4367e+06,1.2611e+06,1.1831e+07,2.2006e+05,4.9744e+07,1.3342e+07,4.213e+06,1.5299e+06,3.803e+06
1.4281e+08,8.2538e+05,2.3176e+06,7.1008e+06,4.3925e+06,1.5576e+08,3.751e+06,3.4341e+06,1.2493e+07,4.9889e+07,3.6554e+07,2.2154e+06,3.3288e+05,7.9928e+07,2.2798e+07,3.046e+05,4.1249e+06,0,1.2765e+07,7.0592e+06,4.5092e+05,1.5842e+05,3.8821e+06,6.1813e+05,2.2981e+06,3.376e+06,0,9.6636e+06,2.3055e+07,3.2925e+06,1.4265e+07,0,4.2618e+06,2.4207e+06,2.3791e+05,0,1.5648e+06,1.0232e+07,0,9.2992e+06,1.2759e+07,1.5745e+07,1.0876e+07,2.685e+06,1.1306e+07
1.9883e+07,3.1617e+06,1.2043e+07,2.474e+05,2.1678e+06,3.6391e+07,0,0,2.0202e+07,5.1437e+05,1.6776e+07,0,0,3.6746e+05,1.8672e+07,1.7103e+06,6.6345e+05,0,1.6626e+05,1.0386e+07,1.9e+06,1.1011e+05,1.0922e+07,0,1.0524e+07,3.3413e+06,7.057e+05,4.5328e+05,3.6949e+07,2.0219e+07,1.3156e+06,0,6.7363e+06,3.4144e+06,2.4878e+05,0,1.3274e+06,8.9283e+06,0,1.3441e+07,0,2.7237e+07,3.8163e+07,1.5957e+07,2.3057e+07
2.1946e+08,1.2079e+06,2.018e+06,8.706e+06,5.8552e+06,1.6825e+08,6.8337e+06,1.6223e+06,7.4064e+06,2.7872e+07,6.0446e+07,4.3322e+05,2.3909e+06,5.2313e+07,5.1104e+06,4.0443e+05,2.7319e+06,5.5183e+05,1.1587e+07,3.8862e+06,1.0945e+06,4.8169e+05,4.6329e+06,8.4436e+05,5.862e+05,1.2933e+06,6.207e+05,7.5366e+06,2.0846e+07,7.2245e+06,1.4077e+07,0,6.6643e+06,1.2696e+06,8.761e+05,5.875e+06,8.6099e+05,5.0367e+06,0,3.5192e+05,4.4618e+06,3.446e+07,1.0174e+07,1.0684e+07,6.548e+06
2.0143e+08,3.1558e+06,1.2223e+07,2.345e+06,2.8793e+06,9.885e+07,1.0184e+07,1.205e+06,2.5497e+07,4.6486e+05,6.2072e+07,9.6476e+05,3.0286e+06,2.6429e+06,5.7898e+07,1.2364e+05,2e+06,0,4.6788e+05,1.1658e+07,2.0544e+06,3.1465e+05,1.1901e+07,6.2342e+05,1.0768e+07,3.009e+06,8.8348e+05,9.609e+05,2.6429e+07,1.9712e+07,1.5473e+06,0,6.6166e+06,2.4016e+06,2.3893e+05,1.5303e+06,4.0025e+06,3.4565e+06,0,5.3334e+06,3.5054e+07,3.5313e+07,3.6095e+07,1.625e+06,1.6256e+07
6.2798e+08,4.2306e+06,5.6463e+07,4.7077e+05,7.749e+05,8.3807e+07,1.0428e+06,7.51e+06,5.7184e+07,5.3573e+05,1.1307e+08,6.8864e+05,7.5996e+06,6.9397e+06,1.5331e+08,2.215e+06,6.0431e+06,2.8454e+06,6.8506e+06,8.3371e+06,1.2313e+07,5.8292e+06,2.0708e+07,0,2.1768e+07,1.6918e+07,6.0167e+06,5.0596e+06,6.6043e+07,6.4776e+07,2.0509e+06,0,2.9596e+07,8.5483e+06,5.5953e+05,5.8598e+06,3.0465e+07,4.5045e+06,0,3.8294e+07,4.6359e+07,1.3423e+08,5.2041e+07,2.4547e+07,4.3706e+07
1.0488e+09,1.8087e+05,1.5028e+05,1.1003e+08,1.0027e+08,9.6968e+08,1.2797e+08,3.7023e+07,1.7723e+06,5.098e+08,8.6171e+08,1.6424e+08,7.2766e+07,5.9859e+08,1.9693e+06,6.1168e+06,1.23e+07,5.9843e+06,2.3996e+08,1.081e+06,50492,1.7357e+06,4.1634e+06,1.4401e+07,4.3789e+05,0,3.2948e+06,6.797e+07,3.4334e+06,1.0518e+05,1.4727e+08,2.0519e+07,1.6797e+06,0,7.7985e+06,4.9085e+06,0,2.2681e+06,1.7903e+07,0,8.7512e+07,6.287e+06,1.2497e+05,56162,3.06e+06
4.1943e+08,2.6779e+06,6.5836e+06,4.5927e+06,6.4251e+06,6.562e+07,1.9611e+07,4.9793e+06,2.5284e+07,1.244e+07,9.451e+07,2.1763e+07,1.1719e+07,2.2547e+07,2.2098e+07,7.973e+05,4.3016e+06,1.3861e+06,7.8003e+06,4.2269e+06,2.3674e+06,5.944e+06,9.3961e+06,7.4698e+05,1.0713e+07,1.8772e+06,8.1394e+05,2.0626e+06,5.0815e+07,1.821e+07,4.7006e+06,1.1035e+06,1.8865e+07,1.9311e+06,5.0427e+05,9.8232e+06,7.6791e+06,3.171e+06,0,6.9414e+06,1.3239e+08,2.1652e+07,2.0853e+07,8.0897e+06,3.1991e+07
2.4894e+09,89118,2.0598e+06,6.8043e+07,3.0741e+07,6.2499e+08,5.0151e+07,1.9283e+07,9.9814e+06,5.3931e+06,4.7537e+08,9.2512e+07,2.4875e+07,3.2029e+07,2.0165e+07,4.6379e+06,7.2899e+06,9.226e+06,2.7546e+07,3.4899e+06,3.3324e+05,3.9996e+06,4.5313e+06,2.0108e+07,1.0944e+06,1.2775e+06,3.8763e+06,8.3922e+07,1.9418e+07,7.1756e+06,1.0219e+08,6.685e+05,4.9188e+06,1.8933e+06,6.9807e+06,1.6477e+06,0,1.0092e+07,3.9587e+06,1.3757e+06,3.6852e+07,3.2783e+07,5.1101e+06,2.1591e+06,1.3065e+07
4.7535e+08,2.9604e+05,1.2115e+06,5.9664e+07,5.3508e+07,5.0943e+08,2.8653e+07,1.1624e+07,2.4339e+06,1.5368e+08,8.5511e+07,5.1566e+07,1.1171e+07,2.3205e+08,1.2742e+07,8.1548e+05,3.1111e+06,6.895e+05,7.5892e+07,2.3406e+06,1.1185e+05,2.2992e+06,1.5215e+06,1.8686e+07,7.588e+05,53691,1.5658e+06,2.5216e+07,1.2797e+07,2.0012e+06,1.1624e+08,1.5882e+05,3.5942e+06,5.091e+05,4.8316e+06,7.0703e+05,0,5.4423e+06,2.6191e+06,0,2.4e+07,1.7463e+07,4.7141e+06,9.4856e+05,6.4327e+06
1.7177e+09,5.9209e+05,1.3808e+06,1.1615e+08,1.1909e+08,9.4515e+08,1.9966e+08,9.6267e+07,7.4092e+06,2.3291e+08,7.0614e+08,2.756e+08,5.5378e+07,3.4025e+08,2.5411e+07,6.9852e+06,9.9837e+06,1.129e+07,1.2625e+08,2.5575e+06,1.4197e+05,7.1735e+06,5.6666e+06,1.9051e+07,5.927e+05,4.8667e+05,1.2761e+07,6.6449e+07,1.9561e+07,3.2023e+06,7.4216e+07,4.9399e+06,3.2954e+06,1.3779e+06,2.5443e+07,5.9287e+06,3.2818e+05,3.5558e+06,5.5136e+07,6.3563e+06,8.6065e+07,3.1907e+07,7.7609e+06,6.2199e+06,8.5585e+06
3.7717e+08,1.0879e+06,5.4596e+05,5.2283e+07,2.8786e+07,2.6995e+08,4.1304e+07,1.7479e+07,8.5737e+06,1.5824e+08,1.954e+08,4.0251e+07,6.6745e+06,2.5426e+08,6.8984e+06,1.953e+06,7.6708e+06,2.0331e+06,5.8022e+07,3.4407e+06,2.267e+05,1.9076e+06,2.8795e+06,8.0491e+06,2.5418e+05,4.2304e+05,6.9176e+05,3.0545e+07,1.7717e+07,2.0665e+06,6.3121e+07,2.1067e+06,3.1556e+06,1.5393e+05,1.9563e+06,2.6501e+06,0,4.3073e+06,3.457e+06,5.7347e+05,2.5436e+07,4.4601e+07,2.0161e+06,1.7422e+06,8.1112e+06
1.1621e+07,1.5548e+07,4.3927e+07,1.444e+06,5.4762e+06,3.2776e+07,8.3738e+05,0,4.9811e+07,6.1783e+06,5.1624e+07,1.1333e+05,3.1168e+05,1.66e+07,2.6678e+08,3.0751e+06,2.3732e+06,0,8.5195e+06,1.589e+07,9.6688e+06,1.6518e+05,2.672e+07,1.0045e+06,2.1651e+07,1.0745e+07,5.4506e+05,2.0298e+06,1.3718e+08,2.9147e+07,2.0157e+06,8.7027e+05,7.5012e+06,1.9455e+07,0,1.4561e+06,1.1813e+07,1.3026e+07,0,3.8873e+07,2.8284e+07,6.1816e+07,9.8023e+07,7.5969e+07,8.6635e+07
1.5171e+09,2.9042e+05,5.9077e+05,1.2712e+08,1.395e+08,1.229e+09,1.3165e+08,9.902e+07,3.2489e+06,5.5572e+08,8.2919e+08,3.2167e+08,5.282e+07,6.7008e+08,6.2853e+06,4.7932e+06,5.4579e+06,2.4023e+07,2.2792e+08,1.4633e+06,1.6224e+05,9.0653e+06,1.5452e+06,1.7584e+07,6.6433e+05,2.877e+05,2.2655e+07,7.1504e+07,1.2794e+07,9.4002e+05,9.8944e+07,1.5743e+07,4.0046e+06,2.3281e+05,1.6168e+07,7.3669e+06,0,3.6214e+06,2.3377e+07,0,9.7576e+07,2.107e+07,2.3978e+06,1.326e+07,2.1172e+06
3.4584e+08,4.5051e+05,1.685e+06,5.4171e+07,2.6477e+07,4.1939e+08,5.6594e+07,6.6017e+06,6.1206e+06,2.1556e+08,2.3447e+08,8.7216e+07,1.6676e+07,3.268e+08,8.8566e+06,1.4826e+06,3.8682e+06,2.9538e+06,1.7854e+08,2.4609e+06,3.1074e+05,9.2281e+05,1.9635e+06,1.2336e+07,1.045e+06,1.8086e+05,8.2556e+05,2.0899e+07,8.1699e+06,2.5834e+06,5.9876e+07,1.8905e+06,4.1237e+06,6.994e+05,7.3627e+06,2.2029e+06,54185,4.9358e+06,6.7958e+06,1.1482e+06,1.736e+07,8.3832e+06,4.568e+06,2.3244e+06,7.6278e+06
9.7795e+08,8.1404e+05,4.8767e+06,3.0079e+07,3.2629e+07,7.8683e+08,5.8449e+07,2.1616e+07,1.1454e+07,1.3247e+07,1.7317e+08,9.5783e+06,1.6373e+07,2.6223e+07,1.8805e+07,1.6454e+06,3.3896e+06,1.1395e+06,8.684e+06,4.1191e+06,5.8874e+05,1.0144e+06,4.7218e+06,4.2357e+06,2.166e+06,6.4435e+05,3.6725e+06,1.3811e+07,1.6775e+07,3.6077e+06,2.4986e+07,2.9524e+06,6.1535e+06,7.4834e+05,4.6085e+06,1.5919e+06,1.604e+06,3.7373e+06,7.2958e+05,2.4731e+06,3.0357e+07,2.7182e+07,7.3955e+06,1.6998e+06,1.2213e+07
3.6423e+08,2.5794e+05,7.6678e+05,8.2009e+07,8.974e+07,6.5441e+08,1.3381e+08,2.5576e+07,3.7898e+06,3.66e+08,4.0873e+08,2.2909e+08,8.6977e+06,5.0771e+08,6.3918e+06,3.0329e+06,2.4461e+06,6.506e+06,2.4855e+08,1.3031e+06,1.3423e+05,4.7218e+05,5.5246e+06,6.1026e+06,2.3524e+05,3.7372e+05,1.2511e+06,5.5111e+07,2.6639e+06,3.8509e+05,9.2876e+07,4.3932e+06,3.4324e+06,4.4798e+05,8.0912e+06,2.0735e+06,7.4575e+05,2.8401e+06,2.3725e+07,2.3243e+05,8.1797e+07,6.1893e+06,6.2713e+05,3.8053e+05,3.2677e+06
1.0034e+08,5.3602e+05,8.9088e+05,7.9651e+06,9.5112e+06,2.4907e+08,3.59e+06,1.1065e+06,1.2967e+07,3.6354e+07,4.2115e+07,1.5189e+06,2.9882e+05,8.0703e+07,1.0592e+07,3.9048e+06,2.9276e+06,0,1.8464e+07,1.8642e+06,5.7856e+05,2.1982e+05,4.4162e+06,3.327e+05,8.2052e+05,6.3463e+05,2.2747e+05,3.1131e+06,1.2374e+07,1.8127e+06,1.6244e+07,0,4.5829e+06,2.2024e+06,8.261e+05,2.3317e+06,1.2951e+06,4.1851e+06,0,1.4143e+06,1.9428e+06,1.5493e+07,3.9991e+06,1.0172e+06,5.697e+06
1.5426e+08,2.5033e+05,4.5282e+06,5.7148e+06,2.8366e+06,1.3983e+08,4.2738e+06,4.4418e+06,3.0405e+06,1.2655e+07,1.71e+07,1.6243e+07,7.6888e+05,4.027e+07,1.5199e+07,1.9406e+05,2.3743e+05,6.6742e+05,3.476e+06,1.7467e+06,2.8495e+05,2.3582e+05,3.4765e+06,1.8713e+06,1.4985e+06,1.5289e+05,1.1666e+05,6.8194e+06,7.9417e+06,3.3183e+06,2.1211e+07,0,3.4388e+06,5.5697e+05,2.7075e+05,0,2.6953e+05,7.3051e+06,1.0869e+06,1.8767e+06,4.3302e+06,9.5619e+06,3.5918e+06,1.1852e+06,2.0319e+06
1.6971e+09,1.6506e+05,1.6737e+06,6.418e+07,2.0229e+07,7.3486e+08,8.1411e+07,2.3093e+07,9.3166e+06,1.1687e+08,5.0166e+08,2.477e+08,5.3968e+07,1.7638e+08,6.0945e+06,3.73e+06,1.0502e+07,7.9869e+06,1.0994e+08,1.581e+06,1.3943e+05,8.1076e+06,1.0321e+06,3.4171e+06,3.5626e+06,7.0126e+05,3.6367e+06,2.3359e+07,9.851e+06,5.872e+06,7.7446e+07,3.5562e+06,6.5772e+06,2.6693e+06,5.8047e+06,2.2027e+07,0,3.7568e+06,4.8532e+06,1.5877e+06,9.4634e+07,3.1715e+07,6.212e+06,2.9368e+06,1.3075e+07
1.5928e+08,6.1633e+06,1.2517e+07,6.2202e+06,3.0009e+06,6.5976e+07,5.0988e+06,1.6402e+06,3.7155e+07,6.8656e+06,1.814e+07,7.7509e+06,3.1305e+05,1.7044e+07,4.6886e+07,7.9092e+05,5.0904e+06,0,1.1909e+07,1.3132e+07,2.4283e+06,6.5697e+05,3.3942e+07,1.6511e+06,1.2696e+07,4.6991e+06,1.0843e+06,1.7409e+06,9.0075e+07,2.6703e+07,1.1313e+07,0,7.0533e+06,1.6004e+07,3.4807e+05,0,4.2673e+06,8.8358e+06,0,1.9493e+07,7.6256e+05,4.1434e+07,5.7515e+07,2.5106e+07,6.4484e+07
3.7779e+08,7.4462e+05,2.4498e+06,4.7713e+07,4.3962e+07,5.3144e+08,1.1416e+08,1.013e+07,5.9526e+06,4.534e+07,4.6501e+08,1.4834e+07,1.2153e+07,9.6363e+07,4.6782e+06,2.8963e+06,2.3862e+06,4.9584e+06,2.8937e+07,3.0306e+06,2.5322e+05,9.2315e+05,4.4742e+06,2.6535e+06,4.1749e+05,1.2214e+06,4.073e+06,1.7352e+07,1.6764e+07,1.1086e+06,1.9938e+07,2.8246e+06,2.7953e+06,1.1992e+06,6.8593e+06,4.8822e+06,1.3766e+06,1.8329e+06,1.0146e+07,6.0658e+05,5.7777e+07,1.7279e+07,2.9031e+06,4.4699e+06,3.9106e+06
1.1653e+08,3.3362e+06,2.9563e+07,2.3377e+05,1.1919e+07,8.576e+07,1.29e+06,2.3285e+06,2.9924e+07,8.3883e+05,6.7435e+07,1.0747e+05,8.8517e+05,1.9698e+06,1.0204e+08,8.8944e+05,7.5537e+06,7.2337e+05,3.8102e+06,1.4941e+07,6.7933e+06,6.383e+05,3.1461e+07,62059,3.4499e+07,2.1015e+07,2.084e+06,4.3305e+06,7.684e+07,9.9745e+07,1.2397e+06,0,4.9545e+07,5.5121e+06,0,3.99e+06,2.4234e+07,7.1526e+06,1.3475e+06,1.2834e+07,1.0352e+07,1.1889e+08,5.6431e+07,3.8905e+07,8.6837e+07
7.7753e+07,1.616e+06,8.9708e+06,1.5382e+06,7.1631e+06,4.5067e+07,4.4807e+05,6.9271e+05,1.9794e+07,2.7157e+06,1.635e+07,1.68e+06,4.4155e+05,6.748e+06,7.1721e+06,70993,6.8391e+05,0,1.7447e+06,3.7904e+06,1.2189e+06,85977,8.8368e+06,1.1702e+05,5.7394e+06,1.4564e+06,6.7197e+05,1.4427e+06,2.8222e+07,9.5404e+06,3.594e+06,0,7.0314e+06,9.6134e+05,2.2175e+05,2.2273e+06,1.8043e+06,3.1029e+06,0,4.0467e+06,2.834e+05,3.0885e+07,1.3917e+07,9.841e+06,1.1187e+07
1.7624e+07,2.9191e+06,2.8216e+07,7.3125e+05,6.566e+05,2.5489e+07,2.1883e+06,1.0807e+05,3.5271e+07,4.453e+06,1.6806e+07,2.8357e+06,0,1.2728e+07,9.0141e+07,7.8042e+05,4.4421e+05,0,1.3108e+07,4.3342e+06,2.5346e+06,4.4275e+05,2.0897e+07,2.5403e+05,1.236e+07,5.1768e+06,7.6887e+05,3.8463e+06,5.7116e+07,1.2992e+07,5.1607e+06,0,5.2768e+06,1.4995e+07,1.3374e+05,0,6.4753e+06,5.1425e+06,0,2.8975e+07,1.5401e+07,4.4094e+07,1.8041e+07,7.5692e+06,5.5328e+07
2.5056e+07,3.2252e+06,1.846e+07,1.0838e+06,2.1572e+06,2.1525e+07,7.989e+05,0,3.0437e+07,2.2085e+06,2.2345e+07,2.0995e+05,1.8979e+06,1.0589e+07,4.0632e+07,73070,6.3092e+05,0,1.1674e+06,8.0186e+06,3.0723e+06,0,1.9011e+07,3.4715e+05,2.1201e+07,4.0442e+06,1.3702e+06,2.4418e+05,4.5631e+07,4.1085e+07,4.2859e+05,0,7.7782e+06,4.2855e+06,3.0459e+05,0,3.0415e+06,4.8901e+06,0,2.0497e+07,8.8852e+05,1.0788e+08,5.0805e+07,1.9932e+07,2.333e+07
1.0477e+08,4.8027e+05,8.3349e+05,6.1933e+06,6.0281e+06,8.615e+07,2.1819e+06,1.8018e+06,4.299e+06,1.14e+07,2.2028e+07,0,6.4916e+05,2.3564e+07,6.2002e+06,1.0624e+05,6.0765e+05,0,4.2047e+06,7.8342e+06,3.2892e+05,4.9306e+05,1.9516e+06,3.3802e+05,1.5775e+06,0,1.0764e+06,7.5457e+06,1.1933e+07,1.1528e+06,4.1512e+06,0,3.8558e+06,9.5208e+05,0,0,5.071e+05,4.6512e+06,0,1.0738e+06,1.2676e+06,2.6574e+07,4.4941e+06,1.9508e+06,9.3367e+06
5.8008e+08,2.4507e+05,7.2612e+05,7.7255e+07,7.4957e+07,7.0337e+08,1.8072e+08,2.4782e+07,3.4958e+06,5.7459e+08,4.4456e+08,1.4401e+08,9.2292e+06,7.3438e+08,3.3352e+06,5.0443e+06,5.1793e+06,5.572e+06,2.0467e+08,1.611e+06,1.5481e+05,6.4661e+05,2.5869e+06,1.0916e+07,1.537e+05,0,2.8044e+06,5.8728e+07,4.5167e+06,1.0353e+06,9.4551e+07,1.4134e+07,2.1746e+06,5.3319e+05,1.0611e+07,3.7178e+06,9.5698e+05,2.7787e+06,2.4217e+07,0,8.7593e+07,1.7305e+07,1.1048e+06,1.2947e+06,4.3036e+06
1.3716e+08,6.1644e+06,3.5255e+07,1.49e+06,2.0447e+06,6.3039e+07,8.1541e+05,5.7511e+06,2.9191e+07,2.2471e+06,6.7093e+07,1.0543e+06,2.3312e+06,7.1221e+06,3.9358e+07,9.3307e+05,6.191e+06,1.0481e+06,2.0635e+07,1.0829e+07,1.2675e+07,3.3263e+06,2.0475e+07,0,1.2271e+07,1.4782e+07,1.2193e+06,2.5343e+06,1.1452e+08,2.759e+07,2.6615e+06,0,1.7715e+07,1.1583e+07,4.8332e+06,0,1.1705e+07,1.1184e+07,66853,4.6595e+07,1.8989e+07,5.4619e+07,4.2342e+07,9.4128e+07,5.0756e+07
4.5488e+07,5.4784e+06,1.2473e+07,3.221e+06,2.8729e+06,5.4095e+07,3.6077e+05,3.4386e+05,4.8469e+07,3.2547e+06,3.4402e+07,2.4809e+06,4.8768e+05,5.8755e+06,1.0134e+07,9.9581e+05,7.3071e+05,0,5.9066e+06,7.0524e+06,2.722e+06,8.2473e+05,9.8746e+06,9.3384e+05,1.2331e+07,3.3602e+06,6.4558e+05,1.8729e+06,5.2811e+07,2.2376e+07,1.2437e+07,0,5.9554e+06,9.4509e+06,5.0004e+05,5.4745e+06,3.5242e+06,6.6224e+06,0,1.0031e+07,8.2776e+05,2.0395e+07,3.0434e+07,2.5473e+07,2.9204e+07
7.3994e+08,2.5059e+05,7.4828e+05,6.3671e+07,7.9304e+07,4.8341e+08,1.4548e+08,1.0113e+08,1.9426e+06,2.8689e+08,6.3764e+08,1.3713e+08,2.5722e+07,4.5757e+08,2.8683e+06,7.1209e+06,4.3193e+06,3.4189e+06,1.3131e+08,8.2114e+05,95460,3.2593e+06,1.9019e+06,8.7764e+06,2.7256e+05,0,3.5316e+06,2.4502e+07,3.5376e+06,3.5232e+05,6.4543e+07,9.7736e+05,1.8205e+06,1.1857e+06,9.4211e+06,3.7804e+06,3.2244e+05,2.6192e+06,1.2348e+07,1.8499e+05,8.6635e+07,1.0909e+07,4.6406e+05,5.2806e+05,2.6447e+06
7.717e+07,1.138e+06,2.1176e+06,2.227e+06,8.317e+05,2.5172e+07,1.4733e+06,2.107e+05,6.5989e+06,6.7559e+06,3.5246e+07,2.9845e+06,0,1.0515e+07,6.6147e+06,22856,3.6909e+05,2.3661e+05,3.2396e+06,2.711e+06,2.5927e+05,6.6542e+05,1.0739e+07,1.4474e+05,3.5247e+06,1.1723e+06,0,9.2333e+05,1.2996e+07,7.5798e+06,3.3566e+06,0,3.3953e+06,9.5954e+05,0,0,7.3253e+05,5.5701e+06,0,5.6078e+06,1.2474e+06,1.7604e+07,1.3705e+07,9.972e+06,9.4149e+06
5.7296e+07,2.1924e+06,7.2022e+06,1.8547e+06,6.6427e+06,7.1009e+07,4.4367e+05,0,2.6452e+07,6.6046e+06,1.9849e+07,0,0,1.7125e+07,2.0383e+07,7.5549e+05,2.667e+06,0,5.5813e+06,6.3385e+06,1.0465e+06,1.3479e+05,8.1603e+06,1.6075e+05,4.616e+06,2.6715e+06,0,1.4955e+06,3.1672e+07,9.3475e+06,5.7479e+06,0,8.163e+06,5.9832e+06,1.1339e+06,3.1936e+06,2.4822e+06,5.5832e+06,0,1.4609e+07,8.8372e+06,2.1503e+07,9.4725e+06,1.9853e+07,3.179e+07
1.8226e+08,4.3685e+05,2.7169e+06,2.8295e+07,1.9158e+07,4.0974e+08,2.1612e+07,2.1274e+06,2.0154e+06,1.2294e+08,1.0741e+08,4.3911e+07,5.0449e+06,1.9568e+08,8.5202e+06,2.4772e+05,6.7607e+05,2.0646e+06,4.3139e+07,9.3258e+05,2.8602e+05,0,7.4001e+06,1.5773e+06,1.2113e+06,6.3784e+05,0,6.3322e+06,6.2061e+06,3.2562e+06,5.1798e+07,0,4.5735e+06,1.5608e+06,1.8931e+06,5.2897e+05,3.513e+05,3.9197e+06,3.4055e+06,2.6289e+06,5.9825e+06,2.6436e+07,1.2738e+07,3.0242e+06,2.0891e+06
1.4067e+07,1.5046e+06,3.5967e+06,8.1541e+05,2.894e+05,3.4238e+07,7.4248e+05,2.2551e+06,2.0053e+07,1.7755e+06,1.6998e+07,0,0,2.2655e+06,1.1404e+07,1.9471e+06,6.2457e+05,0,3.7153e+06,1.0443e+07,9.9478e+05,1.4274e+06,1.098e+07,0,4.681e+06,1.8694e+06,9.1552e+05,7.6776e+05,1.6077e+07,8.4069e+06,9.8919e+05,0,4.6248e+06,2.6898e+06,1.252e+05,1.0532e+06,1.6026e+06,1.4468e+07,0,4.9168e+06,0,1.9323e+07,2.6725e+07,9.0633e+06,1.6558e+07
2.7943e+09,2.1041e+05,4.6895e+05,2.0706e+08,2.454e+08,1.6946e+09,3.6185e+08,1.8001e+08,7.1858e+06,1.2188e+09,1.4417e+09,4.5563e+08,1.5961e+08,7.4605e+08,3.5411e+06,1.1587e+07,1.7692e+07,3.3761e+07,6.8951e+08,1.6614e+06,2.538e+05,1.0646e+07,4.489e+06,6.7761e+07,1.8345e+05,6.3265e+05,2.1075e+07,8.7326e+07,4.5316e+06,1.5814e+06,4.6919e+07,1.2329e+07,4.8567e+06,4.2162e+05,2.0275e+07,1.6563e+07,2.4364e+06,2.5453e+06,6.4086e+07,0,6.2619e+07,2.1993e+07,7.5573e+05,6.8241e+05,1.0371e+07
